episode,timestep,reward
936,40000,66.6675000000
1556,80000,55.2583000000
2167,120000,98.1470000000
2248,160000,730.4721000000
